t_s,q1_des_rad,q2_des_rad,dq1_des_rad_s,dq2_des_rad_s,tau1_ff_Nm,tau2_ff_Nm
0.000000,-0.295858,-2.542803,0.382759,-0.488651,-2.308172,5.960941
0.002000,-0.294765,-2.543157,0.636986,-0.128877,-2.582201,6.092334
0.004000,-0.293356,-2.543840,0.726310,-0.522644,-2.856229,6.223727
0.006000,-0.291897,-2.545580,0.726196,-1.067354,-3.130258,6.355121
0.008000,-0.290466,-2.548178,0.708519,-1.401379,-3.404287,6.486514
0.010000,-0.289072,-2.551088,0.690160,-1.456210,-3.678316,6.617907
0.012000,-0.287717,-2.553863,0.669194,-1.332851,-3.952345,6.749300
0.014000,-0.286412,-2.556311,0.642172,-1.158366,-4.226373,6.880693
0.016000,-0.285168,-2.558437,0.608439,-1.011919,-4.500402,7.012087
0.018000,-0.284000,-2.560332,0.569471,-0.914984,-4.774431,7.143480
0.020000,-0.282913,-2.562081,0.527312,-0.852920,-5.048460,7.274873
0.022000,-0.281913,-2.563714,0.483982,-0.788555,-5.137172,7.595889
0.024000,-0.280999,-2.565159,0.440353,-0.679800,-5.168815,7.975299
0.026000,-0.280176,-2.566366,0.394055,-0.557321,-5.200459,8.354710
0.028000,-0.279449,-2.567340,0.344199,-0.446930,-5.232102,8.734120
0.030000,-0.278827,-2.568107,0.290961,-0.345954,-5.263746,9.113530
0.032000,-0.278315,-2.568677,0.234809,-0.248940,-5.295390,9.492941
0.034000,-0.277918,-2.569053,0.175893,-0.150347,-5.327033,9.872351
0.036000,-0.277643,-2.569224,0.114234,-0.046024,-5.358677,10.251761
0.038000,-0.277494,-2.569179,0.051082,0.064117,-5.390320,10.631171
0.040000,-0.277472,-2.568911,-0.013364,0.176248,-5.421964,11.010582
0.042000,-0.277583,-2.568418,-0.081555,0.287388,-5.560654,11.360289
0.044000,-0.277838,-2.567712,-0.155729,0.392596,-5.794610,11.683562
0.046000,-0.278247,-2.566790,-0.234158,0.503156,-6.028567,12.006835
0.048000,-0.278817,-2.565632,-0.316089,0.626567,-6.262524,12.330108
0.050000,-0.279555,-2.564210,-0.401421,0.762868,-6.496481,12.653381
0.052000,-0.280468,-2.562504,-0.490227,0.908366,-6.730438,12.976654
0.054000,-0.281564,-2.560499,-0.582529,1.059423,-6.964395,13.299927
0.056000,-0.282848,-2.558187,-0.678254,1.214307,-7.198351,13.623200
0.058000,-0.284328,-2.555560,-0.777266,1.373132,-7.432308,13.946473
0.060000,-0.286009,-2.552610,-0.879428,1.536849,-7.666265,14.269746
0.062000,-0.287899,-2.549326,-0.984629,1.705433,-7.913569,14.505280
0.064000,-0.290003,-2.545742,-1.092509,1.839110,-8.192976,14.529782
0.066000,-0.292324,-2.541912,-1.201299,1.962901,-8.472383,14.554285
0.068000,-0.294863,-2.537804,-1.310225,2.112505,-8.751791,14.578787
0.070000,-0.297620,-2.533359,-1.419647,2.291639,-9.031198,14.603290
0.072000,-0.300597,-2.528532,-1.530190,2.487277,-9.310605,14.627793
0.074000,-0.303797,-2.523309,-1.642195,2.686188,-9.590012,14.652295
0.076000,-0.307223,-2.517691,-1.755647,2.882545,-9.869419,14.676798
0.078000,-0.310878,-2.511682,-1.870331,3.077140,-10.148826,14.701300
0.080000,-0.314763,-2.505283,-1.986021,3.273223,-10.428233,14.725803
0.082000,-0.318881,-2.498488,-2.102573,3.473237,-10.709159,14.752458
0.084000,-0.323232,-2.491283,-2.220131,3.681381,-11.014645,14.813932
0.086000,-0.327821,-2.483651,-2.338951,3.896956,-11.320130,14.875406
0.088000,-0.332649,-2.475585,-2.459007,4.114386,-11.625616,14.936881
0.090000,-0.337718,-2.467084,-2.580220,4.332658,-11.931101,14.998355
0.092000,-0.343031,-2.458143,-2.702498,4.553274,-12.236587,15.059829
0.094000,-0.348590,-2.448757,-2.825788,4.777891,-12.542073,15.121304
0.096000,-0.354397,-2.438915,-2.950094,5.007275,-12.847558,15.182778
0.098000,-0.360454,-2.428609,-3.075456,5.241440,-13.153044,15.244252
0.100000,-0.366763,-2.417828,-3.201936,5.480177,-13.458529,15.305726
0.102000,-0.373326,-2.406564,-3.329603,5.723404,-13.764015,15.367201
0.104000,-0.380146,-2.394813,-3.457810,5.965376,-13.929140,15.340410
0.106000,-0.387220,-2.382589,-3.584914,6.200601,-14.064032,15.294608
0.108000,-0.394548,-2.369886,-3.711454,6.443277,-14.198924,15.248806
0.110000,-0.402129,-2.356685,-3.837963,6.695610,-14.333816,15.203004
0.112000,-0.409964,-2.342971,-3.964885,6.953994,-14.468707,15.157202
0.114000,-0.418053,-2.328737,-4.092526,7.215408,-14.603599,15.111400
0.116000,-0.426398,-2.313977,-4.221077,7.479093,-14.738491,15.065598
0.118000,-0.435002,-2.298686,-4.350681,7.745588,-14.873383,15.019796
0.120000,-0.443867,-2.282858,-4.481485,8.015583,-15.008275,14.973994
0.122000,-0.452995,-2.266485,-4.613662,8.289491,-15.143167,14.928192
0.124000,-0.462389,-2.249558,-4.747132,8.569732,-15.169420,14.937583
0.126000,-0.472051,-2.232053,-4.880980,8.863012,-15.119343,14.985754
0.128000,-0.481982,-2.213959,-5.016436,9.157187,-15.069266,15.033926
0.130000,-0.492186,-2.195278,-5.154111,9.450546,-15.019188,15.082097
0.132000,-0.502669,-2.176007,-5.294239,9.746634,-14.969111,15.130268
0.134000,-0.513436,-2.156138,-5.437063,10.048141,-14.919034,15.178439
0.136000,-0.524492,-2.135658,-5.582889,10.356050,-14.868957,15.226610
0.138000,-0.535843,-2.114554,-5.732052,10.670665,-14.818879,15.274781
0.140000,-0.547498,-2.092811,-5.884886,10.992340,-14.768802,15.322952
0.142000,-0.559463,-2.070416,-6.041734,11.321632,-14.718725,15.371123
0.144000,-0.571747,-2.047353,-6.202974,11.658747,-14.694573,15.389799
0.146000,-0.584360,-2.023613,-6.369124,11.997503,-14.718171,15.354152
0.148000,-0.597311,-1.999183,-6.540004,12.347020,-14.741769,15.318504
0.150000,-0.610610,-1.974037,-6.716005,12.710297,-14.765366,15.282856
0.152000,-0.624269,-1.948148,-6.897747,13.086028,-14.788964,15.247209
0.154000,-0.638298,-1.921493,-7.085802,13.473829,-14.812562,15.211561
0.156000,-0.652712,-1.894047,-7.280722,13.874509,-14.836160,15.175914
0.158000,-0.667526,-1.865782,-7.483111,14.289342,-14.859757,15.140266
0.160000,-0.682754,-1.836668,-7.693646,14.719721,-14.883355,15.104619
0.162000,-0.698414,-1.806672,-7.913093,15.167140,-14.906953,15.068971
0.164000,-0.714525,-1.775758,-8.142310,15.633255,-14.926961,15.020568
0.166000,-0.731107,-1.743895,-8.381524,16.111876,-14.919734,14.875373
0.168000,-0.748180,-1.711053,-8.630626,16.609509,-14.912506,14.730179
0.170000,-0.765765,-1.677183,-8.891020,17.133063,-14.905279,14.584985
0.172000,-0.783886,-1.642234,-9.164374,17.683257,-14.898051,14.439791
0.174000,-0.802573,-1.606149,-9.452283,18.261603,-14.890824,14.294596
0.176000,-0.821855,-1.568869,-9.756393,18.870916,-14.883596,14.149402
0.178000,-0.841767,-1.530328,-10.078537,19.514761,-14.876369,14.004208
0.180000,-0.862349,-1.490452,-10.420807,20.197230,-14.869142,13.859014
0.182000,-0.883643,-1.449158,-10.785606,20.922989,-14.861914,13.713819
0.184000,-0.905697,-1.406352,-11.175692,21.697380,-14.854687,13.568625
