세션,trial,상태,fps,해상도,자_mm_px,지름px,지름산포pct,세션중앙지름px,동기민감도mm,추적점수최저,Δx_하강전반,구름_하강전반,슬립_하강전반,Δx_하강후반,구름_하강후반,슬립_하강후반,Δx_바닥유지,구름_바닥유지,슬립_바닥유지,Δx_푸시~이륙,구름_푸시~이륙,슬립_푸시~이륙,Δx_전체,구름_전체,슬립_전체,QC
26.07.23,150_2.2_250_3,성공,24.0,720x1280,0.9164,32.74,3.4,32.74,11.1,59.0,4.16,4.62,-0.46,-2.22,4.77,-6.99,-0.61,-0.08,-0.53,-56.64,-14.67,-41.98,-55.32,-5.36,-49.96,동기 ±1프레임 → 푸시슬립 ±11mm
26.07.22,120_2_120_2,성공,24.0,?x?,1.6667,18.0,2.6,18.0,7.8,28.0,-13.99,0.87,-14.85,0.08,0.46,-0.38,8.48,-0.01,8.49,-3.81,-9.61,5.8,-9.23,-8.29,-0.94,최저 추적점수 28 (<40) / 접지 절단 f98 (이륙 f165 보다 67프레임 이름 — 동기 의심)
26.07.22,150_2.2_250_3,성공,24.0,?x?,1.6667,18.0,0.0,18.0,7.2,14.0,0.0,0.0,0.0,0.0,0.0,0.0,0.0,0.0,0.0,44.45,-10.83,55.28,44.45,-10.83,55.28,최저 추적점수 14 (<40) / 접지 절단 f52 (이륙 f160 보다 108프레임 이름 — 동기 의심)
26.07.22,150_3.3_500_5,성공,24.0,?x?,1.6667,18.0,8.7,18.0,6.6,17.0,0.0,0.0,0.0,0.0,0.0,0.0,0.0,0.0,0.0,33.86,-10.43,44.29,33.86,-10.43,44.29,최저 추적점수 17 (<40) / 접지 절단 f52 (이륙 f160 보다 108프레임 이름 — 동기 의심)
26.07.22,60_0.75_60_2,성공,24.0,?x?,1.6667,18.0,2.2,18.0,3.9,31.0,0.0,0.0,0.0,0.0,0.0,0.0,0.0,0.0,0.0,0.29,-7.33,7.61,0.29,-7.33,7.61,최저 추적점수 31 (<40) / 접지 절단 f73 (이륙 f181 보다 108프레임 이름 — 동기 의심)
26.07.22,60_1.5_60_1.5,성공,24.0,?x?,1.6667,18.0,3.9,18.0,5.1,1.0,0.0,0.0,0.0,0.0,0.0,0.0,0.0,0.0,0.0,-37.31,-8.82,-28.49,-37.31,-8.82,-28.49,최저 추적점수 1 (<40) / 이륙 변위 6px (<15 — 발 오탐 가능) / 접지 절단 f55 (이륙 f163 보다 108프레임 이름 — 동기 의심)
26.07.23,150_2.2_500_5,성공,24.0,720x1280,0.898,33.41,3.3,32.74,8.1,82.0,3.99,4.45,-0.46,-6.24,5.04,-11.29,-0.04,0.03,-0.07,-25.16,-12.56,-12.6,-27.45,-3.03,-24.42,동기 ±1프레임 → 푸시슬립 ±8mm
26.07.23,60_0.75_60_2,성공,24.0,720x1280,1.0176,29.48,0.0,32.74,6.9,59.0,4.08,4.65,-0.57,1.02,4.13,-3.11,-0.35,-0.16,-0.19,-8.28,-9.53,1.25,-3.54,-0.92,-2.63,
26.07.24,150_2.2_250_3,성공,24.0,720x1280,2.035,14.74,0.0,14.74,11.1,54.0,-0.15,0.13,-0.29,-1.06,0.1,-1.16,0.03,-0.18,0.21,-0.03,-13.81,13.78,-1.2,-13.75,12.55,동기 ±1프레임 → 푸시슬립 ±11mm / 이륙 변위 12px (<15 — 발 오탐 가능) / SEED_CAL 미등재 — 반지름구속 자동 시드 (검증 시트 확인 필수) / 접지끝 f46 vs 차분이륙 f128 차이 82프레임
26.07.24,150_2.2_350_3.5,성공,24.0,720x1280,2.035,14.74,0.0,14.74,9.6,85.0,-9.07,4.14,-13.21,32.28,2.79,29.49,-40.93,-0.03,-40.9,-24.04,-14.08,-9.95,-41.76,-7.18,-34.58,동기 ±1프레임 → 푸시슬립 ±10mm / 측정지름 22.2 vs 세션자 14.7 (+50%) — 추적 의심 / SEED_CAL 미등재 — 반지름구속 자동 시드 (검증 시트 확인 필수) / 접지끝 f136 vs 차분이륙 f174 차이 38프레임
26.04.24,150_2.2_250_3,성공,59.35,2160x3840,0.5138,58.39,1.0,,4.1,75.0,4.08,4.83,-0.75,2.08,4.6,-2.52,-0.46,-0.15,-0.31,-12.67,-19.77,7.11,-6.96,-10.48,3.53,
26.07.24,150_2.2_500_5,성공,24.0,720x1280,2.035,14.74,0.0,14.74,8.5,96.0,0.0,0.0,0.0,0.0,0.0,0.0,0.0,0.0,0.0,2.63,-11.07,13.7,2.63,-11.07,13.7,동기 ±1프레임 → 푸시슬립 ±8mm / 이륙 변위 15px (<15 — 발 오탐 가능) / SEED_CAL 미등재 — 반지름구속 자동 시드 (검증 시트 확인 필수) / 접지끝 f4 vs 차분이륙 f68 차이 64프레임
26.07.25,100_1.5_250_3,성공,24.0,720x1280,1.1429,26.25,0.4,26.3,7.2,84.0,3.47,1.46,2.01,4.88,1.06,3.82,0.46,-0.02,0.47,-13.54,-8.44,-5.1,-4.74,-5.94,1.2,
26.07.25,120_2_250_3,성공,24.0,720x1280,1.1386,26.35,1.5,26.3,7.2,94.0,3.89,1.26,2.63,5.31,1.17,4.14,0.45,-0.03,0.48,-8.9,-8.37,-0.54,0.75,-5.97,6.71,
26.07.25,150_2.2_250_3,성공,24.0,720x1280,1.1386,26.35,1.5,26.3,7.1,105.0,3.35,0.95,2.4,6.27,1.24,5.03,0.07,-0.02,0.09,-8.83,-7.78,-1.06,0.86,-5.6,6.47,
26.07.25,200_2.5_250_3,성공,24.0,720x1280,1.1483,26.13,1.9,26.3,6.9,77.0,3.65,0.98,2.68,7.03,1.23,5.81,1.53,-0.12,1.65,-17.06,-7.08,-9.98,-4.84,-4.99,0.16,
26.07.27,100_1.5_250_3,성공,24.0,720x1280,0.9374,32.0,1.5,,7.6,79.0,3.45,2.72,0.73,3.51,2.75,0.75,0.37,-0.51,0.88,-9.99,-10.76,0.77,-2.66,-5.79,3.13,
26.07.27,120_2_250_3,성공,24.0,720x1280,0.9083,33.03,1.2,,7.6,89.0,3.98,2.76,1.22,3.95,2.8,1.15,0.02,-0.76,0.78,-7.91,-10.84,2.93,0.03,-6.04,6.07,
26.07.27,150_2.2_250_3,성공,24.0,720x1280,1.7501,17.14,4.7,17.14,7.7,77.0,14.36,2.72,11.64,9.85,2.76,7.1,0.04,-0.71,0.76,-55.16,-10.75,-44.41,-30.9,-5.98,-24.92,SEED_CAL 미등재 — 반지름구속 자동 시드 (검증 시트 확인 필수)
26.07.27,200_2.5_250_3,성공,24.0,720x1280,1.7501,17.14,0.0,17.14,8.1,96.0,-0.12,2.65,-2.77,0.07,2.76,-2.69,-0.26,-0.7,0.45,0.29,-10.46,10.75,-0.02,-5.76,5.74,동기 ±1프레임 → 푸시슬립 ±8mm / 측정지름 14.7 vs 세션자 17.1 (-14%) — 추적 의심 / 이륙 변위 3px (<15 — 발 오탐 가능) / SEED_CAL 미등재 — 반지름구속 자동 시드 (검증 시트 확인 필수) / 접지 절단 미발생 (f111 = 추적 끝) — 이륙 이후까지 추적됐을 수 있음
26.07.27,250_3_250_3,성공,24.0,720x1280,1.7501,17.14,5.8,17.14,8.4,105.0,59.13,2.63,56.5,33.09,2.76,30.33,0.42,-0.72,1.14,-7.4,-11.05,3.65,85.23,-6.38,91.61,동기 ±1프레임 → 푸시슬립 ±8mm / 이륙 변위 15px (<15 — 발 오탐 가능) / SEED_CAL 미등재 — 반지름구속 자동 시드 (검증 시트 확인 필수)
26.07.27,60_2_250_3,성공,24.0,720x1280,1.7501,17.14,4.1,17.14,8.9,58.0,47.92,2.95,44.97,-39.34,2.79,-42.13,-8.49,-0.76,-7.73,-9.26,-12.44,3.18,-9.17,-7.46,-1.71,동기 ±1프레임 → 푸시슬립 ±9mm / 측정지름 14.9 vs 세션자 17.1 (-13%) — 추적 의심 / 이륙 변위 10px (<15 — 발 오탐 가능) / SEED_CAL 미등재 — 반지름구속 자동 시드 (검증 시트 확인 필수) / 접지 절단 미발생 (f99 = 추적 끝) — 이륙 이후까지 추적됐을 수 있음
26.07.27,80_2_250_3,성공,24.0,720x1280,1.7501,17.14,0.0,17.14,8.5,108.0,-0.24,2.75,-2.99,-0.19,2.77,-2.96,-0.61,-0.73,0.12,0.89,-11.5,12.4,-0.14,-6.71,6.56,동기 ±1프레임 → 푸시슬립 ±9mm / 이륙 변위 3px (<15 — 발 오탐 가능) / SEED_CAL 미등재 — 반지름구속 자동 시드 (검증 시트 확인 필수) / 접지 절단 미발생 (f111 = 추적 끝) — 이륙 이후까지 추적됐을 수 있음
26.06.02,120_2_120_2,성공,24.0,720x1280,1.5407,19.47,9.2,19.47,8.6,78.0,23.41,2.5,20.91,39.22,1.65,37.57,4.98,-0.08,5.07,-60.87,-17.11,-43.76,6.75,-13.04,19.79,동기 ±1프레임 → 푸시슬립 ±9mm / SEED_CAL 미등재 — 반지름구속 자동 시드 (검증 시트 확인 필수) / 접지끝 f127 vs 차분이륙 f163 차이 36프레임
26.06.02,150_2.2_250_3,성공,24.0,720x1280,1.3888,21.6,0.0,19.47,10.3,57.0,10.14,1.4,8.74,12.01,0.91,11.09,27.53,-0.16,27.69,-74.54,-19.93,-54.61,-24.86,-17.77,-7.09,동기 ±1프레임 → 푸시슬립 ±10mm / SEED_CAL 미등재 — 반지름구속 자동 시드 (검증 시트 확인 필수) / 접지끝 f114 vs 차분이륙 f163 차이 49프레임
26.06.02,150_2.2_500_5,성공,24.0,720x1280,1.5407,19.47,0.0,19.47,9.6,116.0,0.0,0.0,0.0,0.0,0.0,0.0,0.0,0.0,0.0,-0.81,-15.26,14.45,-0.81,-15.26,14.45,동기 ±1프레임 → 푸시슬립 ±10mm / 이륙 변위 12px (<15 — 발 오탐 가능) / SEED_CAL 미등재 — 반지름구속 자동 시드 (검증 시트 확인 필수) / 접지끝 f61 vs 차분이륙 f167 차이 106프레임
26.06.02,60_0.75_60_2,성공,24.0,720x1280,1.5407,19.47,0.0,19.47,6.1,85.0,16.05,5.27,10.78,0.65,3.18,-2.54,-0.54,0.15,-0.69,-26.66,-12.79,-13.87,-10.5,-4.18,-6.32,측정지름 14.7 vs 세션자 19.5 (-24%) — 추적 의심 / 이륙 변위 10px (<15 — 발 오탐 가능) / SEED_CAL 미등재 — 반지름구속 자동 시드 (검증 시트 확인 필수)
26.06.02,60_1.5_60_1.5,성공,24.0,720x1280,1.5407,19.47,0.0,19.47,6.6,110.0,0.0,0.0,0.0,0.0,0.0,0.0,0.0,0.0,0.0,-0.65,-12.06,11.41,-0.65,-12.06,11.41,측정지름 22.6 vs 세션자 19.5 (+16%) — 추적 의심 / 이륙 변위 8px (<15 — 발 오탐 가능) / SEED_CAL 미등재 — 반지름구속 자동 시드 (검증 시트 확인 필수) / 접지끝 f66 vs 차분이륙 f172 차이 106프레임
26.06.02,90_0.75_90_2,성공,24.0,720x1280,1.5407,19.47,0.0,19.47,5.5,84.0,0.0,0.0,0.0,0.0,0.0,0.0,0.0,0.0,0.0,0.17,-11.56,11.73,0.17,-11.56,11.73,측정지름 14.7 vs 세션자 19.5 (-24%) — 추적 의심 / SEED_CAL 미등재 — 반지름구속 자동 시드 (검증 시트 확인 필수) / 접지끝 f64 vs 차분이륙 f170 차이 106프레임
