t,q1_des,q2_des,dq1_des,dq2_des
0.000000,-0.273717,-2.549449,-0.000000,0.000000
0.010000,-0.273763,-2.548957,-0.009114,0.098432
0.020000,-0.273898,-2.547481,-0.017850,0.196767
0.030000,-0.274118,-2.545022,-0.026207,0.294907
0.040000,-0.274421,-2.541584,-0.034183,0.392757
0.050000,-0.274801,-2.537168,-0.041776,0.490219
0.060000,-0.275255,-2.531781,-0.048988,0.587197
0.070000,-0.275779,-2.525426,-0.055816,0.683595
0.080000,-0.276370,-2.518111,-0.062261,0.779320
0.090000,-0.277023,-2.509843,-0.068324,0.874275
0.100000,-0.277735,-2.500629,-0.074006,0.968367
0.110000,-0.278502,-2.490478,-0.079308,1.061503
0.120000,-0.279320,-2.479402,-0.084231,1.153593
0.130000,-0.280185,-2.467410,-0.088778,1.244543
0.140000,-0.281094,-2.454515,-0.092952,1.334266
0.150000,-0.282043,-2.440729,-0.096755,1.422671
0.160000,-0.283028,-2.426067,-0.100190,1.509673
0.170000,-0.284046,-2.410541,-0.103261,1.595185
0.180000,-0.285092,-2.394168,-0.105973,1.679123
0.190000,-0.286164,-2.376964,-0.108329,1.761403
0.200000,-0.287258,-2.358946,-0.110334,1.841946
0.210000,-0.288369,-2.340131,-0.111994,1.920670
0.220000,-0.289496,-2.320539,-0.113313,1.997499
0.230000,-0.290635,-2.300188,-0.114297,2.072357
0.240000,-0.291781,-2.279098,-0.114953,2.145170
0.250000,-0.292933,-2.257291,-0.115286,2.215866
0.260000,-0.294086,-2.234788,-0.115304,2.284375
0.270000,-0.295238,-2.211611,-0.115013,2.350629
0.280000,-0.296385,-2.187784,-0.114420,2.414564
0.290000,-0.297525,-2.163328,-0.113533,2.476116
0.300000,-0.298655,-2.138269,-0.112361,2.535224
0.310000,-0.299771,-2.112632,-0.110909,2.591831
0.320000,-0.300872,-2.086441,-0.109188,2.645879
0.330000,-0.301954,-2.059723,-0.107205,2.697317
0.340000,-0.303015,-2.032504,-0.104970,2.746092
0.350000,-0.304053,-2.004810,-0.102491,2.792158
0.360000,-0.305064,-1.976670,-0.099777,2.835468
0.370000,-0.306048,-1.948110,-0.096837,2.875980
0.380000,-0.307000,-1.919160,-0.093682,2.913653
0.390000,-0.307921,-1.889847,-0.090321,2.948451
0.400000,-0.308806,-1.860200,-0.086764,2.980340
0.410000,-0.309655,-1.830250,-0.083020,3.009287
0.420000,-0.310466,-1.800025,-0.079101,3.035264
0.430000,-0.311237,-1.769555,-0.075016,3.058246
0.440000,-0.311966,-1.738870,-0.070775,3.078210
0.450000,-0.312652,-1.708000,-0.066390,3.095136
0.460000,-0.313293,-1.676977,-0.061870,3.109008
0.470000,-0.313889,-1.645831,-0.057227,3.119811
0.480000,-0.314437,-1.614591,-0.052472,3.127536
0.490000,-0.314938,-1.583290,-0.047614,3.132174
0.500000,-0.315389,-1.551958,-0.042666,3.133721
0.510000,-0.315791,-1.520626,-0.037637,3.132175
0.520000,-0.316142,-1.489325,-0.032540,3.127538
0.530000,-0.316441,-1.458085,-0.027384,3.119815
0.540000,-0.316689,-1.426939,-0.022181,3.109013
0.550000,-0.316885,-1.395915,-0.016942,3.095143
0.560000,-0.317028,-1.365046,-0.011678,3.078218
0.570000,-0.317118,-1.334361,-0.006399,3.058256
0.580000,-0.317156,-1.303891,-0.001117,3.035275
0.590000,-0.317141,-1.273666,0.004157,3.009299
0.600000,-0.317073,-1.243715,0.009414,2.980353
0.610000,-0.316953,-1.214068,0.014641,2.948466
0.620000,-0.316780,-1.184755,0.019829,2.913669
0.630000,-0.316556,-1.155805,0.024967,2.875997
0.640000,-0.316281,-1.127245,0.030045,2.835486
0.650000,-0.315956,-1.099104,0.035052,2.792177
0.660000,-0.315580,-1.071411,0.039979,2.746113
0.670000,-0.315156,-1.044191,0.044814,2.697338
0.680000,-0.314684,-1.017473,0.049549,2.645902
0.690000,-0.314166,-0.991282,0.054173,2.591854
0.700000,-0.313601,-0.965644,0.058677,2.535249
0.710000,-0.312993,-0.940585,0.063052,2.476142
0.720000,-0.312341,-0.916129,0.067287,2.414591
0.730000,-0.311647,-0.892301,0.071376,2.350657
0.740000,-0.310914,-0.869124,0.075307,2.284403
0.750000,-0.310142,-0.846621,0.079073,2.215895
0.760000,-0.309333,-0.824813,0.082666,2.145200
0.770000,-0.308489,-0.803724,0.086077,2.072388
0.780000,-0.307612,-0.783372,0.089298,1.997531
0.790000,-0.306704,-0.763780,0.092322,1.920702
0.800000,-0.305766,-0.744965,0.095141,1.841978
0.810000,-0.304802,-0.726946,0.097747,1.761436
0.820000,-0.303812,-0.709742,0.100134,1.679156
0.830000,-0.302800,-0.693369,0.102296,1.595219
0.840000,-0.301767,-0.677843,0.104225,1.509707
0.850000,-0.300716,-0.663179,0.105915,1.422706
0.860000,-0.299649,-0.649393,0.107361,1.334301
0.870000,-0.298570,-0.636498,0.108557,1.244578
0.880000,-0.297479,-0.624506,0.109497,1.153628
0.890000,-0.296380,-0.613429,0.110177,1.061539
0.900000,-0.295276,-0.603278,0.110592,0.968402
0.910000,-0.294170,-0.594064,0.110737,0.874310
0.920000,-0.293063,-0.585795,0.110608,0.779355
0.930000,-0.291958,-0.578480,0.110201,0.683631
0.940000,-0.290860,-0.572125,0.109514,0.587232
0.950000,-0.289769,-0.566737,0.108542,0.490253
0.960000,-0.288690,-0.562321,0.107283,0.392791
0.970000,-0.287624,-0.558882,0.105733,0.294941
0.980000,-0.286576,-0.556423,0.103892,0.196800
0.990000,-0.285547,-0.554947,0.101757,0.098465
1.000000,-0.284542,-0.554454,0.099325,0.000033
1.010000,-0.283562,-0.554946,0.096597,-0.098400
1.020000,-0.282611,-0.556422,0.093571,-0.196735
1.030000,-0.281692,-0.558880,0.090245,-0.294876
1.040000,-0.280807,-0.562319,0.086621,-0.392726
1.050000,-0.279960,-0.566734,0.082697,-0.490189
1.060000,-0.279154,-0.572121,0.078475,-0.587168
1.070000,-0.278392,-0.578475,0.073953,-0.683567
1.080000,-0.277676,-0.585790,0.069135,-0.779292
1.090000,-0.277010,-0.594058,0.064020,-0.874247
1.100000,-0.276396,-0.603272,0.058610,-0.968340
1.110000,-0.275839,-0.613422,0.052907,-1.061478
1.120000,-0.275339,-0.624498,0.046913,-1.153567
1.130000,-0.274901,-0.636489,0.040631,-1.244519
1.140000,-0.274528,-0.649384,0.034063,-1.334242
1.150000,-0.274221,-0.663170,0.027212,-1.422648
1.160000,-0.273984,-0.677833,0.020081,-1.509651
1.170000,-0.273820,-0.693358,0.012674,-1.595163
1.180000,-0.273732,-0.709731,0.004996,-1.679101
1.190000,-0.273721,-0.726934,-0.002951,-1.761383
1.200000,-0.273792,-0.744953,-0.011162,-1.841926
1.210000,-0.273945,-0.763767,-0.019632,-1.920651
1.220000,-0.274185,-0.783359,-0.028355,-1.997481
1.230000,-0.274513,-0.803710,-0.037328,-2.072339
1.240000,-0.274933,-0.824799,-0.046544,-2.145153
1.250000,-0.275445,-0.846606,-0.055998,-2.215849
1.260000,-0.276053,-0.869109,-0.065685,-2.284359
1.270000,-0.276759,-0.892286,-0.075597,-2.350614
1.280000,-0.277566,-0.916113,-0.085729,-2.414550
1.290000,-0.278475,-0.940569,-0.096074,-2.476102
1.300000,-0.279488,-0.965627,-0.106625,-2.535212
1.310000,-0.280608,-0.991265,-0.117376,-2.591819
1.320000,-0.281836,-1.017455,-0.128319,-2.645868
1.330000,-0.283175,-1.044173,-0.139446,-2.697306
1.340000,-0.284626,-1.071392,-0.150752,-2.746082
1.350000,-0.286191,-1.099086,-0.162227,-2.792149
1.360000,-0.287871,-1.127226,-0.173864,-2.835459
1.370000,-0.289668,-1.155786,-0.185655,-2.875972
1.380000,-0.291584,-1.184736,-0.197592,-2.913646
1.390000,-0.293621,-1.214049,-0.209667,-2.948445
1.400000,-0.295778,-1.243695,-0.221870,-2.980334
1.410000,-0.298058,-1.273646,-0.234195,-3.009282
1.420000,-0.300462,-1.303871,-0.246632,-3.035260
1.430000,-0.302991,-1.334341,-0.259172,-3.058243
1.440000,-0.305646,-1.365026,-0.271806,-3.078207
1.450000,-0.308428,-1.395895,-0.284526,-3.095134
1.460000,-0.311337,-1.426918,-0.297323,-3.109007
1.470000,-0.314375,-1.458065,-0.310188,-3.119811
1.480000,-0.317541,-1.489304,-0.323111,-3.127536
1.490000,-0.320837,-1.520606,-0.336084,-3.132175
1.500000,-0.324263,-1.551938,-0.349096,-3.133722
1.510000,-0.327819,-1.583270,-0.362140,-3.132177
1.520000,-0.331506,-1.614571,-0.375206,-3.127541
1.530000,-0.335323,-1.645810,-0.388284,-3.119819
1.540000,-0.339271,-1.676957,-0.401365,-3.109017
1.550000,-0.343350,-1.707980,-0.414440,-3.095148
1.560000,-0.347560,-1.738850,-0.427500,-3.078224
1.570000,-0.351900,-1.769535,-0.440535,-3.058262
1.580000,-0.356371,-1.800005,-0.453536,-3.035282
1.590000,-0.360971,-1.830230,-0.466495,-3.009306
1.600000,-0.365700,-1.860181,-0.479401,-2.980361
1.610000,-0.370559,-1.889828,-0.492246,-2.948474
1.620000,-0.375545,-1.919141,-0.505021,-2.913678
1.630000,-0.380659,-1.948092,-0.517717,-2.876006
1.640000,-0.385899,-1.976652,-0.530325,-2.835496
1.650000,-0.391265,-2.004792,-0.542836,-2.792188
1.660000,-0.396755,-2.032486,-0.555241,-2.746124
1.670000,-0.402369,-2.059706,-0.567532,-2.697350
1.680000,-0.408106,-2.086424,-0.579701,-2.645915
1.690000,-0.413963,-2.112615,-0.591738,-2.591868
1.700000,-0.419940,-2.138253,-0.603636,-2.535263
1.710000,-0.426035,-2.163312,-0.615387,-2.476156
1.720000,-0.432247,-2.187768,-0.626982,-2.414605
1.730000,-0.438574,-2.211596,-0.638414,-2.350672
1.740000,-0.445015,-2.234774,-0.649675,-2.284419
1.750000,-0.451567,-2.257277,-0.660757,-2.215911
1.760000,-0.458229,-2.279085,-0.671653,-2.145217
1.770000,-0.465000,-2.300175,-0.682355,-2.072405
1.780000,-0.471876,-2.320526,-0.692857,-1.997548
1.790000,-0.478856,-2.340119,-0.703152,-1.920720
1.800000,-0.485938,-2.358934,-0.713233,-1.841997
1.810000,-0.493120,-2.376953,-0.723092,-1.761455
1.820000,-0.500399,-2.394157,-0.732725,-1.679176
1.830000,-0.507774,-2.410531,-0.742125,-1.595239
1.840000,-0.515241,-2.426057,-0.751285,-1.509728
1.850000,-0.522799,-2.440720,-0.760201,-1.422727
1.860000,-0.530444,-2.454507,-0.768865,-1.334321
1.870000,-0.538175,-2.467402,-0.777274,-1.244600
1.880000,-0.545989,-2.479395,-0.785422,-1.153649
1.890000,-0.553883,-2.490472,-0.793304,-1.061561
1.900000,-0.561854,-2.500622,-0.800914,-0.968425
1.910000,-0.569900,-2.509837,-0.808250,-0.874333
1.920000,-0.578018,-2.518106,-0.815306,-0.779378
1.930000,-0.586205,-2.525422,-0.822078,-0.683654
1.940000,-0.594459,-2.531777,-0.828562,-0.587255
1.950000,-0.602775,-2.537165,-0.834756,-0.490277
1.960000,-0.611153,-2.541581,-0.840654,-0.392815
1.970000,-0.619588,-2.545020,-0.846255,-0.294965
1.980000,-0.628077,-2.547479,-0.851556,-0.196825
1.990000,-0.636618,-2.548956,-0.856553,-0.098490
2.000000,-0.645207,-2.549449,-0.861243,-0.000058
2.010000,-0.653842,-2.548957,-0.865626,0.098375
2.020000,-0.662518,-2.547482,-0.869699,0.196710
2.030000,-0.671234,-2.545024,-0.873460,0.294851
2.040000,-0.679987,-2.541586,-0.876907,0.392701
2.050000,-0.688772,-2.537171,-0.880039,0.490163
2.060000,-0.697586,-2.531784,-0.882855,0.587142
2.070000,-0.706428,-2.525430,-0.885354,0.683541
2.080000,-0.715292,-2.518115,-0.887536,0.779266
2.090000,-0.724177,-2.509847,-0.889400,0.874221
2.100000,-0.733079,-2.500634,-0.890945,0.968314
2.110000,-0.741995,-2.490484,-0.892173,1.061451
2.120000,-0.750922,-2.479408,-0.893082,1.153541
2.130000,-0.759856,-2.467417,-0.893674,1.244492
2.140000,-0.768794,-2.454522,-0.893948,1.334215
2.150000,-0.777734,-2.440737,-0.893907,1.422621
2.160000,-0.786671,-2.426075,-0.893550,1.509624
2.170000,-0.795604,-2.410550,-0.892880,1.595136
2.180000,-0.804528,-2.394177,-0.891897,1.679075
2.190000,-0.813440,-2.376974,-0.890603,1.761356
2.200000,-0.822339,-2.358956,-0.889001,1.841899
2.210000,-0.831219,-2.340142,-0.887091,1.920624
2.220000,-0.840080,-2.320550,-0.884877,1.997454
2.230000,-0.848916,-2.300199,-0.882360,2.072313
2.240000,-0.857726,-2.279110,-0.879543,2.145126
2.250000,-0.866506,-2.257304,-0.876430,2.215823
2.260000,-0.875253,-2.234801,-0.873022,2.284333
2.270000,-0.883965,-2.211625,-0.869322,2.350588
2.280000,-0.892639,-2.187797,-0.865335,2.414524
2.290000,-0.901271,-2.163342,-0.861063,2.476077
2.300000,-0.909859,-2.138284,-0.856509,2.535186
2.310000,-0.918400,-2.112647,-0.851678,2.591793
2.320000,-0.926892,-2.086456,-0.846573,2.645842
2.330000,-0.935331,-2.059739,-0.841198,2.697281
2.340000,-0.943715,-2.032520,-0.835556,2.746057
2.350000,-0.952041,-2.004826,-0.829653,2.792124
2.360000,-0.960307,-1.976686,-0.823492,2.835435
2.370000,-0.968510,-1.948127,-0.817078,2.875947
2.380000,-0.976648,-1.919177,-0.810414,2.913622
2.390000,-0.984718,-1.889864,-0.803506,2.948421
2.400000,-0.992717,-1.860218,-0.796359,2.980310
2.410000,-1.000644,-1.830268,-0.788976,3.009258
2.420000,-1.008496,-1.800043,-0.781362,3.035237
2.430000,-1.016270,-1.769573,-0.773523,3.058220
2.440000,-1.023966,-1.738889,-0.765463,3.078184
2.450000,-1.031579,-1.708020,-0.757188,3.095111
2.460000,-1.039109,-1.676997,-0.748702,3.108984
2.470000,-1.046552,-1.645850,-0.740010,3.119788
2.480000,-1.053908,-1.614611,-0.731117,3.127514
2.490000,-1.061174,-1.583310,-0.722029,3.132153
2.500000,-1.068348,-1.551978,-0.712751,3.133701
2.510000,-1.075428,-1.520646,-0.703287,3.132156
2.520000,-1.082413,-1.489345,-0.693644,3.127520
2.530000,-1.089301,-1.458106,-0.683826,3.119798
2.540000,-1.096089,-1.426960,-0.673838,3.108997
2.550000,-1.102777,-1.395937,-0.663686,3.095128
2.560000,-1.109362,-1.365067,-0.653375,3.078204
2.570000,-1.115844,-1.334383,-0.642910,3.058243
2.580000,-1.122220,-1.303913,-0.632297,3.035263
2.590000,-1.128489,-1.273687,-0.621540,3.009288
2.600000,-1.134650,-1.243737,-0.610645,2.980343
2.610000,-1.140702,-1.214090,-0.599617,2.948457
2.620000,-1.146642,-1.184777,-0.588460,2.913661
2.630000,-1.152471,-1.155827,-0.577181,2.875989
2.640000,-1.158186,-1.127267,-0.565783,2.835480
2.650000,-1.163786,-1.099126,-0.554273,2.792172
2.660000,-1.169271,-1.071433,-0.542655,2.746109
2.670000,-1.174639,-1.044213,-0.530933,2.697335
2.680000,-1.179889,-1.017495,-0.519113,2.645900
2.690000,-1.185021,-0.991304,-0.507199,2.591853
2.700000,-1.190033,-0.965666,-0.495196,2.535249
2.710000,-1.194924,-0.940607,-0.483109,2.476142
2.720000,-1.199695,-0.916152,-0.470942,2.414592
2.730000,-1.204343,-0.892323,-0.458700,2.350659
2.740000,-1.208868,-0.869146,-0.446386,2.284406
2.750000,-1.213270,-0.846643,-0.434006,2.215899
2.760000,-1.217548,-0.824835,-0.421564,2.145205
2.770000,-1.221701,-0.803746,-0.409063,2.072394
2.780000,-1.225729,-0.783394,-0.396507,1.997537
2.790000,-1.229631,-0.763802,-0.383902,1.920710
2.800000,-1.233407,-0.744987,-0.371250,1.841987
2.810000,-1.237056,-0.726968,-0.358555,1.761446
2.820000,-1.240578,-0.709763,-0.345821,1.679167
2.830000,-1.243973,-0.693390,-0.333052,1.595230
2.840000,-1.247239,-0.677864,-0.320251,1.509719
2.850000,-1.250378,-0.663201,-0.307421,1.422719
2.860000,-1.253387,-0.649414,-0.294566,1.334314
2.870000,-1.256269,-0.636519,-0.281689,1.244593
2.880000,-1.259021,-0.624527,-0.268792,1.153643
2.890000,-1.261645,-0.613450,-0.255880,1.061555
2.900000,-1.264139,-0.603299,-0.242954,0.968419
2.910000,-1.266504,-0.594085,-0.230018,0.874328
2.920000,-1.268739,-0.585815,-0.217074,0.779373
2.930000,-1.270845,-0.578500,-0.204125,0.683650
2.940000,-1.272822,-0.572145,-0.191173,0.587251
2.950000,-1.274669,-0.566757,-0.178221,0.490274
2.960000,-1.276386,-0.562341,-0.165270,0.392812
2.970000,-1.277974,-0.558902,-0.152324,0.294963
2.980000,-1.279433,-0.556442,-0.139384,0.196823
2.990000,-1.280762,-0.554966,-0.126452,0.098488
3.000000,-1.281962,-0.554473,-0.113530,0.000057
3.010000,-1.283032,-0.554965,-0.100620,-0.098375
3.020000,-1.283974,-0.556440,-0.087723,-0.196710
3.030000,-1.284787,-0.558898,-0.074842,-0.294850
3.040000,-1.285471,-0.562336,-0.061977,-0.392700
3.050000,-1.286026,-0.566751,-0.049131,-0.490162
3.060000,-1.286454,-0.572138,-0.036304,-0.587140
3.070000,-1.286753,-0.578492,-0.023498,-0.683539
3.080000,-1.286924,-0.585806,-0.010714,-0.779263
3.090000,-1.286967,-0.594074,0.002046,-0.874218
3.100000,-1.286883,-0.603288,0.014782,-0.968311
3.110000,-1.286671,-0.613437,0.027493,-1.061447
3.120000,-1.286333,-0.624513,0.040177,-1.153537
3.130000,-1.285868,-0.636504,0.052834,-1.244487
3.140000,-1.285276,-0.649399,0.065462,-1.334210
3.150000,-1.284559,-0.663184,0.078062,-1.422616
3.160000,-1.283715,-0.677847,0.090632,-1.509618
3.170000,-1.282746,-0.693372,0.103171,-1.595130
3.180000,-1.281652,-0.709744,0.115679,-1.679068
3.190000,-1.280433,-0.726947,0.128155,-1.761349
3.200000,-1.279089,-0.744965,0.140599,-1.841892
3.210000,-1.277621,-0.763779,0.153010,-1.920617
3.220000,-1.276029,-0.783371,0.165387,-1.997446
3.230000,-1.274313,-0.803722,0.177729,-2.072304
3.240000,-1.272474,-0.824810,0.190037,-2.145117
3.250000,-1.270513,-0.846617,0.202310,-2.215814
3.260000,-1.268428,-0.869119,0.214547,-2.284323
3.270000,-1.266222,-0.892296,0.226747,-2.350578
3.280000,-1.263894,-0.916123,0.238910,-2.414513
3.290000,-1.261444,-0.940578,0.251036,-2.476066
3.300000,-1.258873,-0.965636,0.263124,-2.535175
3.310000,-1.256181,-0.991273,0.275173,-2.591781
3.320000,-1.253370,-1.017464,0.287183,-2.645831
3.330000,-1.250438,-1.044181,0.299154,-2.697269
3.340000,-1.247387,-1.071400,0.311083,-2.746045
3.350000,-1.244216,-1.099093,0.322972,-2.792111
3.360000,-1.240927,-1.127233,0.334819,-2.835421
3.370000,-1.237520,-1.155792,0.346623,-2.875934
3.380000,-1.233995,-1.184742,0.358384,-2.913608
3.390000,-1.230353,-1.214055,0.370100,-2.948407
3.400000,-1.226593,-1.243701,0.381771,-2.980296
3.410000,-1.222717,-1.273651,0.393396,-3.009243
3.420000,-1.218725,-1.303876,0.404973,-3.035221
3.430000,-1.214618,-1.334345,0.416503,-3.058204
3.440000,-1.210396,-1.365030,0.427982,-3.078169
3.450000,-1.206059,-1.395899,0.439411,-3.095095
3.460000,-1.201608,-1.426921,0.450788,-3.108968
3.470000,-1.197043,-1.458068,0.462111,-3.119772
3.480000,-1.192365,-1.489307,0.473380,-3.127497
3.490000,-1.187576,-1.520607,0.484591,-3.132136
3.500000,-1.182674,-1.551939,0.495745,-3.133683
3.510000,-1.177661,-1.583271,0.506838,-3.132138
3.520000,-1.172537,-1.614571,0.517870,-3.127502
3.530000,-1.167304,-1.645810,0.528838,-3.119780
3.540000,-1.161961,-1.676957,0.539740,-3.108979
3.550000,-1.156509,-1.707980,0.550574,-3.095109
3.560000,-1.150949,-1.738849,0.561338,-3.078185
3.570000,-1.145283,-1.769533,0.572029,-3.058223
3.580000,-1.139509,-1.800003,0.582646,-3.035244
3.590000,-1.133630,-1.830228,0.593185,-3.009268
3.600000,-1.127646,-1.860179,0.603643,-2.980323
3.610000,-1.121557,-1.889825,0.614018,-2.948437
3.620000,-1.115366,-1.919138,0.624308,-2.913640
3.630000,-1.109071,-1.948088,0.634508,-2.875969
3.640000,-1.102676,-1.976648,0.644616,-2.835459
3.650000,-1.096179,-2.004788,0.654629,-2.792151
3.660000,-1.089584,-2.032481,0.664543,-2.746087
3.670000,-1.082889,-2.059701,0.674355,-2.697314
3.680000,-1.076097,-2.086419,0.684062,-2.645878
3.690000,-1.069208,-2.112610,0.693658,-2.591831
3.700000,-1.062224,-2.138247,0.703142,-2.535227
3.710000,-1.055146,-2.163306,0.712508,-2.476120
3.720000,-1.047974,-2.187761,0.721753,-2.414570
3.730000,-1.040711,-2.211589,0.730873,-2.350637
3.740000,-1.033357,-2.234766,0.739863,-2.284384
3.750000,-1.025914,-2.257269,0.748719,-2.215876
3.760000,-1.018383,-2.279076,0.757436,-2.145182
3.770000,-1.010766,-2.300166,0.766011,-2.072371
3.780000,-1.003064,-2.320517,0.774437,-1.997514
3.790000,-0.995278,-2.340110,0.782712,-1.920687
3.800000,-0.987410,-2.358924,0.790829,-1.841963
3.810000,-0.979462,-2.376943,0.798783,-1.761422
3.820000,-0.971435,-2.394147,0.806571,-1.679143
3.830000,-0.963331,-2.410520,0.814186,-1.595206
3.840000,-0.955152,-2.426046,0.821623,-1.509696
3.850000,-0.946899,-2.440709,0.828877,-1.422695
3.860000,-0.938575,-2.454495,0.835943,-1.334290
3.870000,-0.930181,-2.467391,0.842815,-1.244569
3.880000,-0.921719,-2.479382,0.849488,-1.153619
3.890000,-0.913192,-2.490459,0.855956,-1.061531
3.900000,-0.904601,-2.500610,0.862214,-0.968395
3.910000,-0.895948,-2.509824,0.868256,-0.874303
3.920000,-0.887236,-2.518093,0.874075,-0.779349
3.930000,-0.878467,-2.525408,0.879668,-0.683625
3.940000,-0.869644,-2.531763,0.885026,-0.587227
3.950000,-0.860768,-2.537151,0.890146,-0.490249
3.960000,-0.851842,-2.541566,0.895020,-0.392788
3.970000,-0.842868,-2.545005,0.899644,-0.294938
3.980000,-0.833850,-2.547464,0.904010,-0.196798
3.990000,-0.824789,-2.548941,0.908114,-0.098464
4.000000,-0.815688,-2.549433,0.911949,-0.000032
4.010000,-0.806551,-2.548941,0.915510,0.098400
4.020000,-0.797379,-2.547466,0.918790,0.196735
4.030000,-0.788176,-2.545007,0.921784,0.294875
4.040000,-0.778944,-2.541569,0.924486,0.392725
4.050000,-0.769687,-2.537154,0.926889,0.490187
4.060000,-0.760407,-2.531767,0.928989,0.587165
4.070000,-0.751108,-2.525413,0.930780,0.683564
4.080000,-0.741793,-2.518098,0.932255,0.779288
4.090000,-0.732464,-2.509829,0.933410,0.874243
4.100000,-0.723126,-2.500616,0.934238,0.968335
4.110000,-0.713781,-2.490466,0.934735,1.061472
4.120000,-0.704432,-2.479390,0.934894,1.153561
4.130000,-0.695084,-2.467399,0.934711,1.244512
4.140000,-0.685739,-2.454504,0.934180,1.334235
4.150000,-0.676401,-2.440718,0.933296,1.422641
4.160000,-0.667074,-2.426056,0.932055,1.509643
4.170000,-0.657762,-2.410530,0.930451,1.595155
4.180000,-0.648467,-2.394158,0.928479,1.679093
4.190000,-0.639193,-2.376954,0.926136,1.761373
4.200000,-0.629945,-2.358936,0.923416,1.841916
4.210000,-0.620726,-2.340122,0.920315,1.920641
4.220000,-0.611540,-2.320530,0.916829,1.997470
4.230000,-0.602391,-2.300179,0.912954,2.072328
4.240000,-0.593282,-2.279090,0.908686,2.145141
4.250000,-0.584219,-2.257283,0.904022,2.215837
4.260000,-0.575203,-2.234780,0.898958,2.284347
4.270000,-0.566241,-2.211604,0.893491,2.350602
4.280000,-0.557335,-2.187776,0.887617,2.414537
4.290000,-0.548490,-2.163321,0.881335,2.476089
4.300000,-0.539710,-2.138262,0.874640,2.535198
4.310000,-0.530998,-2.112625,0.867531,2.591805
4.320000,-0.522360,-2.086435,0.860006,2.645854
4.330000,-0.513800,-2.059717,0.852062,2.697292
4.340000,-0.505320,-2.032498,0.843698,2.746068
4.350000,-0.496927,-2.004805,0.834912,2.792133
4.360000,-0.488624,-1.976664,0.825704,2.835444
4.370000,-0.480414,-1.948105,0.816071,2.875956
4.380000,-0.472304,-1.919155,0.806014,2.913630
4.390000,-0.464295,-1.889842,0.795532,2.948429
4.400000,-0.456394,-1.860196,0.784625,2.980318
4.410000,-0.448604,-1.830246,0.773292,3.009265
4.420000,-0.440930,-1.800020,0.761535,3.035243
4.430000,-0.433375,-1.769551,0.749353,3.058226
4.440000,-0.425944,-1.738866,0.736749,3.078190
4.450000,-0.418642,-1.707997,0.723722,3.095117
4.460000,-0.411471,-1.676974,0.710276,3.108989
4.470000,-0.404437,-1.645827,0.696411,3.119793
4.480000,-0.397544,-1.614588,0.682129,3.127518
4.490000,-0.390796,-1.583287,0.667434,3.132156
4.500000,-0.384197,-1.551955,0.652328,3.133704
4.510000,-0.377751,-1.520624,0.636815,3.132158
4.520000,-0.371462,-1.489323,0.620897,3.127522
4.530000,-0.365334,-1.458083,0.604578,3.119800
4.540000,-0.359372,-1.426937,0.587863,3.108998
4.550000,-0.353578,-1.395914,0.570756,3.095128
4.560000,-0.347958,-1.365045,0.553262,3.078204
4.570000,-0.342515,-1.334360,0.535386,3.058242
4.580000,-0.337252,-1.303890,0.517133,3.035262
4.590000,-0.332173,-1.273664,0.498509,3.009286
4.600000,-0.327283,-1.243714,0.479520,2.980341
4.610000,-0.322584,-1.214067,0.460173,2.948454
4.620000,-0.318080,-1.184754,0.440474,2.913658
4.630000,-0.313776,-1.155804,0.420431,2.875986
4.640000,-0.309673,-1.127244,0.400050,2.835476
4.650000,-0.305776,-1.099104,0.379340,2.792168
4.660000,-0.302087,-1.071410,0.358308,2.746104
4.670000,-0.298611,-1.044191,0.336963,2.697330
4.680000,-0.295349,-1.017472,0.315314,2.645894
4.690000,-0.292305,-0.991281,0.293370,2.591847
4.700000,-0.289482,-0.965644,0.271140,2.535242
4.710000,-0.286883,-0.940585,0.248634,2.476135
4.720000,-0.284511,-0.916129,0.225861,2.414585
4.730000,-0.282367,-0.892301,0.202833,2.350651
4.740000,-0.280455,-0.869124,0.179559,2.284398
4.750000,-0.278777,-0.846621,0.156050,2.215890
4.760000,-0.277335,-0.824814,0.132318,2.145196
4.770000,-0.276131,-0.803724,0.108375,2.072384
4.780000,-0.275168,-0.783373,0.084231,1.997528
4.790000,-0.274447,-0.763780,0.059899,1.920699
4.800000,-0.273970,-0.744965,0.035391,1.841976
4.810000,-0.273740,-0.726946,0.010720,1.761435
4.820000,-0.273756,-0.709742,-0.014101,1.679155
4.830000,-0.274022,-0.693369,-0.039060,1.595218
4.840000,-0.274538,-0.677843,-0.064143,1.509707
4.850000,-0.275305,-0.663180,-0.089336,1.422706
4.860000,-0.276325,-0.649394,-0.114626,1.334301
4.870000,-0.277598,-0.636498,-0.139999,1.244579
4.880000,-0.279125,-0.624506,-0.165440,1.153629
4.890000,-0.280907,-0.613429,-0.190936,1.061540
4.900000,-0.282944,-0.603279,-0.216471,0.968404
4.910000,-0.285237,-0.594064,-0.242031,0.874312
4.920000,-0.287785,-0.585795,-0.267600,0.779357
4.930000,-0.290589,-0.578480,-0.293165,0.683633
4.940000,-0.293648,-0.572125,-0.318708,0.587235
4.950000,-0.296963,-0.566737,-0.344216,0.490257
4.960000,-0.300532,-0.562321,-0.369673,0.392795
4.970000,-0.304356,-0.558882,-0.395062,0.294945
4.980000,-0.308433,-0.556424,-0.420368,0.196804
4.990000,-0.312763,-0.554947,-0.445575,0.098469
5.000000,-0.317344,-0.554454,-0.470667,0.000037
5.010000,-0.322176,-0.554946,-0.495629,-0.098395
5.020000,-0.327256,-0.556422,-0.520443,-0.196730
5.030000,-0.332584,-0.558880,-0.545095,-0.294871
5.040000,-0.338158,-0.562318,-0.569567,-0.392721
5.050000,-0.343975,-0.566733,-0.593843,-0.490183
5.060000,-0.350034,-0.572121,-0.617907,-0.587162
5.070000,-0.356332,-0.578475,-0.641744,-0.683561
5.080000,-0.362868,-0.585790,-0.665335,-0.779285
5.090000,-0.369638,-0.594058,-0.688666,-0.874241
5.100000,-0.376640,-0.603271,-0.711721,-0.968334
5.110000,-0.383872,-0.613421,-0.734482,-1.061471
5.120000,-0.391329,-0.624497,-0.756934,-1.153561
5.130000,-0.399009,-0.636489,-0.779061,-1.244512
5.140000,-0.406909,-0.649384,-0.800847,-1.334235
5.150000,-0.415025,-0.663169,-0.822276,-1.422641
5.160000,-0.423353,-0.677832,-0.843332,-1.509643
5.170000,-0.431890,-0.693357,-0.864000,-1.595156
5.180000,-0.440632,-0.709730,-0.884264,-1.679094
5.190000,-0.449574,-0.726933,-0.904109,-1.761376
5.200000,-0.458713,-0.744951,-0.923520,-1.841919
5.210000,-0.468043,-0.763766,-0.942481,-1.920644
5.220000,-0.477561,-0.783358,-0.960979,-1.997474
5.230000,-0.487261,-0.803709,-0.978998,-2.072332
5.240000,-0.497139,-0.824798,-0.996524,-2.145146
5.250000,-0.507190,-0.846604,-1.013542,-2.215842
5.260000,-0.517408,-0.869107,-1.030040,-2.284352
5.270000,-0.527789,-0.892284,-1.046003,-2.350607
5.280000,-0.538326,-0.916112,-1.061418,-2.414543
5.290000,-0.549015,-0.940567,-1.076271,-2.476095
5.300000,-0.559850,-0.965625,-1.090551,-2.535205
5.310000,-0.570824,-0.991263,-1.104244,-2.591812
5.320000,-0.581933,-1.017453,-1.117338,-2.645861
5.330000,-0.593169,-1.044171,-1.129822,-2.697299
5.340000,-0.604527,-1.071390,-1.141683,-2.746076
5.350000,-0.616001,-1.099084,-1.152911,-2.792142
5.360000,-0.627583,-1.127224,-1.163495,-2.835453
5.370000,-0.639268,-1.155783,-1.173425,-2.875966
5.380000,-0.651049,-1.184734,-1.182690,-2.913640
5.390000,-0.662920,-1.214047,-1.191280,-2.948439
5.400000,-0.674873,-1.243693,-1.199187,-2.980328
5.410000,-0.686901,-1.273643,-1.206402,-3.009276
5.420000,-0.698998,-1.303868,-1.212915,-3.035255
5.430000,-0.711157,-1.334338,-1.218720,-3.058238
5.440000,-0.723370,-1.365023,-1.223808,-3.078202
5.450000,-0.735631,-1.395892,-1.228173,-3.095129
5.460000,-0.747931,-1.426916,-1.231808,-3.109002
5.470000,-0.760265,-1.458062,-1.234706,-3.119806
5.480000,-0.772623,-1.489301,-1.236863,-3.127532
5.490000,-0.784999,-1.520602,-1.238272,-3.132170
5.500000,-0.797386,-1.551934,-1.238929,-3.133718
5.510000,-0.809776,-1.583267,-1.238831,-3.132174
5.520000,-0.822160,-1.614568,-1.237972,-3.127538
5.530000,-0.834532,-1.645807,-1.236350,-3.119816
5.540000,-0.846885,-1.676954,-1.233963,-3.109014
5.550000,-0.859209,-1.707977,-1.230807,-3.095145
5.560000,-0.871498,-1.738846,-1.226883,-3.078221
5.570000,-0.883744,-1.769531,-1.222187,-3.058260
5.580000,-0.895939,-1.800002,-1.216721,-3.035280
5.590000,-0.908076,-1.830227,-1.210483,-3.009305
5.600000,-0.920146,-1.860178,-1.203474,-2.980360
5.610000,-0.932143,-1.889824,-1.195696,-2.948473
5.620000,-0.944058,-1.919138,-1.187150,-2.913677
5.630000,-0.955883,-1.948088,-1.177838,-2.876006
5.640000,-0.967612,-1.976648,-1.167763,-2.835496
5.650000,-0.979236,-2.004789,-1.156929,-2.792188
5.660000,-0.990748,-2.032483,-1.145338,-2.746124
5.670000,-1.002140,-2.059702,-1.132995,-2.697351
5.680000,-1.013406,-2.086421,-1.119906,-2.645915
5.690000,-1.024536,-2.112612,-1.106076,-2.591868
5.700000,-1.035525,-2.138250,-1.091511,-2.535264
5.710000,-1.046364,-2.163309,-1.076217,-2.476157
5.720000,-1.057047,-2.187765,-1.060202,-2.414607
5.730000,-1.067565,-2.211593,-1.043473,-2.350674
5.740000,-1.077914,-2.234770,-1.026039,-2.284421
5.750000,-1.088084,-2.257274,-1.007908,-2.215913
5.760000,-1.098069,-2.279081,-0.989090,-2.145219
5.770000,-1.107863,-2.300171,-0.969594,-2.072408
5.780000,-1.117459,-2.320523,-0.949432,-1.997551
5.790000,-1.126850,-2.340116,-0.928613,-1.920724
5.800000,-1.136029,-2.358931,-0.907150,-1.842000
5.810000,-1.144991,-2.376950,-0.885054,-1.761459
5.820000,-1.153728,-2.394154,-0.862337,-1.679180
5.830000,-1.162236,-2.410528,-0.839014,-1.595243
5.840000,-1.170507,-2.426054,-0.815096,-1.509732
5.850000,-1.178536,-2.440717,-0.790599,-1.422731
5.860000,-1.186317,-2.454504,-0.765536,-1.334326
5.870000,-1.193844,-2.467400,-0.739923,-1.244605
5.880000,-1.201113,-2.479392,-0.713774,-1.153655
5.890000,-1.208118,-2.490469,-0.687105,-1.061566
5.900000,-1.214854,-2.500620,-0.659934,-0.968430
5.910000,-1.221315,-2.509834,-0.632276,-0.874338
5.920000,-1.227498,-2.518104,-0.604148,-0.779384
5.930000,-1.233397,-2.525419,-0.575568,-0.683660
5.940000,-1.239008,-2.531775,-0.546554,-0.587261
5.950000,-1.244326,-2.537163,-0.517124,-0.490283
5.960000,-1.249349,-2.541579,-0.487297,-0.392822
5.970000,-1.254071,-2.545018,-0.457091,-0.294972
5.980000,-1.258489,-2.547477,-0.426526,-0.196831
5.990000,-1.262600,-2.548954,-0.395623,-0.098497
6.000000,-1.266401,-2.549447,-0.364399,-0.000065
6.010000,-1.269887,-2.548955,-0.332877,0.098368
6.020000,-1.273057,-2.547480,-0.301077,0.196703
6.030000,-1.275908,-2.545022,-0.269019,0.294843
6.040000,-1.278437,-2.541584,-0.236725,0.392693
6.050000,-1.280642,-2.537169,-0.204215,0.490156
6.060000,-1.282521,-2.531782,-0.171513,0.587134
6.070000,-1.284072,-2.525428,-0.138639,0.683533
6.080000,-1.285293,-2.518114,-0.105615,0.779258
6.090000,-1.286183,-2.509846,-0.072464,0.874214
6.100000,-1.286742,-2.500632,-0.039208,0.968306
6.110000,-1.286967,-2.490483,-0.005870,1.061444
6.120000,-1.286859,-2.479407,0.027527,1.153533
6.130000,-1.286417,-2.467416,0.060962,1.244484
6.140000,-1.285640,-2.454521,0.094410,1.334208
6.150000,-1.284528,-2.440736,0.127849,1.422614
6.160000,-1.283083,-2.426074,0.161256,1.509616
6.170000,-1.281304,-2.410549,0.194608,1.595129
6.180000,-1.279191,-2.394177,0.227881,1.679067
6.190000,-1.276746,-2.376973,0.261053,1.761349
6.200000,-1.273970,-2.358955,0.294099,1.841892
6.210000,-1.270865,-2.340141,0.326998,1.920617
6.220000,-1.267431,-2.320549,0.359725,1.997447
6.230000,-1.263671,-2.300199,0.392259,2.072306
6.240000,-1.259587,-2.279110,0.424575,2.145120
6.250000,-1.255180,-2.257304,0.456651,2.215816
6.260000,-1.250454,-2.234801,0.488464,2.284326
6.270000,-1.245412,-2.211625,0.519992,2.350582
6.280000,-1.240056,-2.187797,0.551212,2.414517
6.290000,-1.234389,-2.163342,0.582101,2.476070
6.300000,-1.228415,-2.138284,0.612637,2.535180
6.310000,-1.222137,-2.112647,0.642798,2.591787
6.320000,-1.215560,-2.086457,0.672563,2.645837
6.330000,-1.208687,-2.059739,0.701910,2.697275
6.340000,-1.201523,-2.032520,0.730818,2.746052
6.350000,-1.194073,-2.004827,0.759265,2.792119
6.360000,-1.186340,-1.976687,0.787230,2.835430
6.370000,-1.178330,-1.948128,0.814694,2.875943
6.380000,-1.170048,-1.919177,0.841636,2.913617
6.390000,-1.161499,-1.889865,0.868036,2.948417
6.400000,-1.152689,-1.860219,0.893875,2.980306
6.410000,-1.143623,-1.830268,0.919134,3.009255
6.420000,-1.134308,-1.800044,0.943793,3.035233
6.430000,-1.124749,-1.769574,0.967834,3.058217
6.440000,-1.114953,-1.738889,0.991240,3.078182
6.450000,-1.104927,-1.708020,1.013993,3.095109
6.460000,-1.094676,-1.676997,1.036076,3.108982
6.470000,-1.084207,-1.645851,1.057471,3.119786
6.480000,-1.073529,-1.614612,1.078164,3.127512
6.490000,-1.062647,-1.583311,1.098137,3.132152
6.500000,-1.051568,-1.551979,1.117377,3.133700
6.510000,-1.040302,-1.520647,1.135868,3.132156
6.520000,-1.028854,-1.489346,1.153595,3.127520
6.530000,-1.017232,-1.458107,1.170546,3.119798
6.540000,-1.005445,-1.426961,1.186707,3.108998
6.550000,-0.993501,-1.395937,1.202066,3.095129
6.560000,-0.981407,-1.365068,1.216610,3.078205
6.570000,-0.969171,-1.334383,1.230327,3.058244
6.580000,-0.956803,-1.303913,1.243208,3.035265
6.590000,-0.944310,-1.273688,1.255242,3.009290
6.600000,-0.931701,-1.243737,1.266419,2.980345
6.610000,-0.918984,-1.214091,1.276730,2.948459
6.620000,-0.906169,-1.184778,1.286166,2.913664
6.630000,-0.893264,-1.155827,1.294720,2.875993
6.640000,-0.880278,-1.127268,1.302384,2.835484
6.650000,-0.867219,-1.099127,1.309152,2.792176
6.660000,-0.854098,-1.071433,1.315018,2.746113
6.670000,-0.840922,-1.044214,1.319977,2.697340
6.680000,-0.827701,-1.017495,1.324024,2.645905
6.690000,-0.814445,-0.991304,1.327154,2.591859
6.700000,-0.801161,-0.965667,1.329365,2.535254
6.710000,-0.787860,-0.940608,1.330655,2.476148
6.720000,-0.774551,-0.916152,1.331020,2.414599
6.730000,-0.761243,-0.892324,1.330460,2.350666
6.740000,-0.747945,-0.869146,1.328975,2.284414
6.750000,-0.734667,-0.846643,1.326564,2.215907
6.760000,-0.721417,-0.824835,1.323227,2.145213
6.770000,-0.708205,-0.803746,1.318967,2.072402
6.780000,-0.695041,-0.783394,1.313786,1.997546
6.790000,-0.681933,-0.763801,1.307685,1.920719
6.800000,-0.668890,-0.744986,1.300670,1.841996
6.810000,-0.655922,-0.726967,1.292743,1.761455
6.820000,-0.643038,-0.709763,1.283910,1.679177
6.830000,-0.630247,-0.693389,1.274176,1.595240
6.840000,-0.617558,-0.677863,1.263547,1.509730
6.850000,-0.604979,-0.663200,1.252031,1.422730
6.860000,-0.592520,-0.649413,1.239634,1.334325
6.870000,-0.580189,-0.636518,1.226364,1.244604
6.880000,-0.567996,-0.624525,1.212231,1.153655
6.890000,-0.555948,-0.613448,1.197244,1.061567
6.900000,-0.544054,-0.603297,1.181413,0.968431
6.910000,-0.532322,-0.594083,1.164748,0.874340
6.920000,-0.520761,-0.585814,1.147261,0.779386
6.930000,-0.509380,-0.578498,1.128964,0.683663
6.940000,-0.498185,-0.572143,1.109870,0.587265
6.950000,-0.487185,-0.566754,1.089991,0.490287
6.960000,-0.476387,-0.562338,1.069341,0.392826
6.970000,-0.465800,-0.558899,1.047934,0.294977
6.980000,-0.455431,-0.556440,1.025786,0.196837
6.990000,-0.445287,-0.554963,1.002912,0.098503
7.000000,-0.435375,-0.554470,0.979327,0.000071
7.010000,-0.425703,-0.554962,0.955048,-0.098360
7.020000,-0.416277,-0.556437,0.930093,-0.196695
7.030000,-0.407103,-0.558895,0.904479,-0.294835
7.040000,-0.398189,-0.562333,0.878223,-0.392685
7.050000,-0.389541,-0.566747,0.851344,-0.490147
7.060000,-0.381164,-0.572134,0.823862,-0.587125
7.070000,-0.373066,-0.578488,0.795796,-0.683523
7.080000,-0.365250,-0.585802,0.767165,-0.779247
7.090000,-0.357724,-0.594070,0.737990,-0.874203
7.100000,-0.350492,-0.603283,0.708291,-0.968295
7.110000,-0.343560,-0.613433,0.678090,-1.061432
7.120000,-0.336932,-0.624509,0.647409,-1.153521
7.130000,-0.330613,-0.636500,0.616268,-1.244472
7.140000,-0.324608,-0.649394,0.584691,-1.334194
7.150000,-0.318921,-0.663179,0.552699,-1.422600
7.160000,-0.313555,-0.677841,0.520316,-1.509602
7.170000,-0.308516,-0.693366,0.487565,-1.595114
7.180000,-0.303805,-0.709738,0.454468,-1.679052
7.190000,-0.299427,-0.726942,0.421051,-1.761333
7.200000,-0.295385,-0.744959,0.387336,-1.841876
7.210000,-0.291682,-0.763773,0.353347,-1.920601
7.220000,-0.288319,-0.783365,0.319110,-1.997431
7.230000,-0.285300,-0.803715,0.284649,-2.072289
7.240000,-0.282627,-0.824804,0.249988,-2.145102
7.250000,-0.280301,-0.846610,0.215152,-2.215799
7.260000,-0.278324,-0.869113,0.180166,-2.284308
7.270000,-0.276698,-0.892289,0.145055,-2.350563
7.280000,-0.275424,-0.916116,0.109845,-2.414499
7.290000,-0.274501,-0.940571,0.074560,-2.476051
7.300000,-0.273933,-0.965629,0.039227,-2.535161
7.310000,-0.273717,-0.991266,0.003869,-2.591768
7.320000,-0.273855,-1.017456,-0.031487,-2.645817
7.330000,-0.274347,-1.044173,-0.066816,-2.697255
7.340000,-0.275191,-1.071392,-0.102093,-2.746032
7.350000,-0.276388,-1.099085,-0.137293,-2.792098
7.360000,-0.277937,-1.127225,-0.172390,-2.835409
7.370000,-0.279836,-1.155784,-0.207359,-2.875922
7.380000,-0.282083,-1.184734,-0.242176,-2.913596
7.390000,-0.284679,-1.214046,-0.276815,-2.948395
7.400000,-0.287619,-1.243692,-0.311251,-2.980285
7.410000,-0.290903,-1.273642,-0.345460,-3.009233
7.420000,-0.294527,-1.303867,-0.379419,-3.035211
7.430000,-0.298490,-1.334336,-0.413101,-3.058194
7.440000,-0.302788,-1.365021,-0.446484,-3.078159
7.450000,-0.307419,-1.395889,-0.479543,-3.095087
7.460000,-0.312378,-1.426912,-0.512256,-3.108959
7.470000,-0.317663,-1.458058,-0.544598,-3.119764
7.480000,-0.323269,-1.489297,-0.576548,-3.127490
7.490000,-0.329192,-1.520598,-0.608081,-3.132129
7.500000,-0.335429,-1.551929,-0.639177,-3.133677
7.510000,-0.341974,-1.583261,-0.669812,-3.132133
7.520000,-0.348824,-1.614562,-0.699966,-3.127497
7.530000,-0.355972,-1.645801,-0.729617,-3.119775
7.540000,-0.363414,-1.676947,-0.758744,-3.108975
7.550000,-0.371145,-1.707970,-0.787327,-3.095106
7.560000,-0.379159,-1.738839,-0.815346,-3.078182
7.570000,-0.387450,-1.769523,-0.842780,-3.058221
7.580000,-0.396013,-1.799993,-0.869612,-3.035242
7.590000,-0.404840,-1.830218,-0.895822,-3.009267
7.600000,-0.413927,-1.860169,-0.921391,-2.980323
7.610000,-0.423266,-1.889815,-0.946303,-2.948437
7.620000,-0.432851,-1.919128,-0.970540,-2.913641
7.630000,-0.442674,-1.948078,-0.994086,-2.875971
7.640000,-0.452730,-1.976638,-1.016923,-2.835461
7.650000,-0.463010,-2.004778,-1.039037,-2.792154
7.660000,-0.473508,-2.032472,-1.060413,-2.746091
7.670000,-0.484216,-2.059691,-1.081035,-2.697318
7.680000,-0.495126,-2.086409,-1.100891,-2.645883
7.690000,-0.506231,-2.112600,-1.119966,-2.591837
7.700000,-0.517523,-2.138237,-1.138247,-2.535233
7.710000,-0.528994,-2.163296,-1.155724,-2.476127
7.720000,-0.540635,-2.187752,-1.172383,-2.414578
7.730000,-0.552439,-2.211580,-1.188215,-2.350646
7.740000,-0.564396,-2.234757,-1.203209,-2.284393
7.750000,-0.576500,-2.257260,-1.217355,-2.215887
7.760000,-0.588741,-2.279067,-1.230644,-2.145193
7.770000,-0.601110,-2.300157,-1.243068,-2.072383
7.780000,-0.613599,-2.320508,-1.254619,-1.997527
7.790000,-0.626199,-2.340101,-1.265290,-1.920700
7.800000,-0.638902,-2.358916,-1.275075,-1.841978
7.810000,-0.651698,-2.376934,-1.283967,-1.761438
7.820000,-0.664578,-2.394139,-1.291963,-1.679159
7.830000,-0.677534,-2.410512,-1.299056,-1.595223
7.840000,-0.690556,-2.426038,-1.305245,-1.509713
7.850000,-0.703636,-2.440701,-1.310525,-1.422713
7.860000,-0.716764,-2.454488,-1.314894,-1.334309
7.870000,-0.729931,-2.467383,-1.318351,-1.244589
7.880000,-0.743128,-2.479375,-1.320895,-1.153640
7.890000,-0.756346,-2.490452,-1.322525,-1.061552
7.900000,-0.769575,-2.500603,-1.323241,-0.968417
7.910000,-0.782807,-2.509817,-1.323045,-0.874326
7.920000,-0.796033,-2.518086,-1.321938,-0.779373
7.930000,-0.809243,-2.525402,-1.319923,-0.683650
7.940000,-0.822429,-2.531757,-1.317002,-0.587253
7.950000,-0.835580,-2.537145,-1.313180,-0.490276
7.960000,-0.848689,-2.541561,-1.308461,-0.392815
7.970000,-0.861746,-2.545000,-1.302849,-0.294966
7.980000,-0.874743,-2.547460,-1.296351,-0.196827
7.990000,-0.887671,-2.548936,-1.288973,-0.098493
8.000000,-0.900520,-2.549429,-1.280721,-0.000062
8.010000,-0.913282,-2.548937,-1.271603,0.098369
8.020000,-0.925949,-2.547462,-1.261628,0.196703
8.030000,-0.938512,-2.545004,-1.250803,0.294843
8.040000,-0.950962,-2.541566,-1.239140,0.392691
8.050000,-0.963292,-2.537152,-1.226647,0.490153
8.060000,-0.975492,-2.531765,-1.213335,0.587130
8.070000,-0.987556,-2.525411,-1.199216,0.683528
8.080000,-0.999474,-2.518096,-1.184301,0.779252
8.090000,-1.011239,-2.509828,-1.168603,0.874206
8.100000,-1.022844,-2.500615,-1.152133,0.968298
8.110000,-1.034279,-2.490466,-1.134907,1.061434
8.120000,-1.045539,-2.479390,-1.116937,1.153522
8.130000,-1.056616,-2.467399,-1.098238,1.244472
8.140000,-1.067502,-2.454505,-1.078826,1.334194
8.150000,-1.078190,-2.440719,-1.058715,1.422600
8.160000,-1.088674,-2.426057,-1.037921,1.509601
8.170000,-1.098946,-2.410532,-1.016461,1.595113
8.180000,-1.109001,-2.394160,-0.994351,1.679050
8.190000,-1.118831,-2.376957,-0.971609,1.761330
8.200000,-1.128431,-2.358939,-0.948252,1.841872
8.210000,-1.137794,-2.340126,-0.924299,1.920597
8.220000,-1.146915,-2.320534,-0.899768,1.997425
8.230000,-1.155788,-2.300184,-0.874678,2.072283
8.240000,-1.164407,-2.279095,-0.849047,2.145096
8.250000,-1.172767,-2.257289,-0.822895,2.215791
8.260000,-1.180863,-2.234786,-0.796243,2.284300
8.270000,-1.188690,-2.211610,-0.769110,2.350554
8.280000,-1.196244,-2.187783,-0.741517,2.414489
8.290000,-1.203519,-2.163328,-0.713484,2.476041
8.300000,-1.210512,-2.138270,-0.685033,2.535149
8.310000,-1.217218,-2.112634,-0.656184,2.591756
8.320000,-1.223634,-2.086444,-0.626959,2.645805
8.330000,-1.229756,-2.059726,-0.597379,2.697242
8.340000,-1.235581,-2.032508,-0.567467,2.746018
8.350000,-1.241105,-2.004815,-0.537244,2.792083
8.360000,-1.246325,-1.976675,-0.506732,2.835394
8.370000,-1.251238,-1.948117,-0.475954,2.875906
8.380000,-1.255843,-1.919167,-0.444932,2.913579
8.390000,-1.260136,-1.889855,-0.413688,2.948378
8.400000,-1.264116,-1.860209,-0.382245,2.980267
8.410000,-1.267781,-1.830259,-0.350626,3.009214
8.420000,-1.271128,-1.800034,-0.318853,3.035192
8.430000,-1.274157,-1.769565,-0.286948,3.058174
8.440000,-1.276867,-1.738881,-0.254935,3.078138
8.450000,-1.279256,-1.708013,-0.222836,3.095065
8.460000,-1.281323,-1.676990,-0.190673,3.108937
8.470000,-1.283069,-1.645844,-0.158470,3.119741
8.480000,-1.284492,-1.614605,-0.126248,3.127466
8.490000,-1.285594,-1.583305,-0.094031,3.132105
8.500000,-1.286373,-1.551974,-0.061839,3.133652
8.510000,-1.286831,-1.520642,-0.029697,3.132107
8.520000,-1.286967,-1.489342,0.002376,3.127471
8.530000,-1.286784,-1.458103,0.034355,3.119748
8.540000,-1.286281,-1.426957,0.066221,3.108947
8.550000,-1.285460,-1.395934,0.097951,3.095078
8.560000,-1.284322,-1.365066,0.129524,3.078154
8.570000,-1.282870,-1.334381,0.160918,3.058192
8.580000,-1.281104,-1.303912,0.192114,3.035212
8.590000,-1.279028,-1.273687,0.223090,3.009237
8.600000,-1.276643,-1.243737,0.253827,2.980292
8.610000,-1.273953,-1.214091,0.284303,2.948405
8.620000,-1.270958,-1.184779,0.314499,2.913609
8.630000,-1.267664,-1.155829,0.344396,2.875938
8.640000,-1.264071,-1.127269,0.373975,2.835428
8.650000,-1.260185,-1.099129,0.403217,2.792120
8.660000,-1.256008,-1.071436,0.432103,2.746057
8.670000,-1.251544,-1.044217,0.460615,2.697283
8.680000,-1.246797,-1.017499,0.488736,2.645848
8.690000,-1.241771,-0.991309,0.516448,2.591801
8.700000,-1.236470,-0.965672,0.543735,2.535197
8.710000,-1.230898,-0.940613,0.570579,2.476091
8.720000,-1.225060,-0.916158,0.596966,2.414541
8.730000,-1.218960,-0.892331,0.622879,2.350608
8.740000,-1.212604,-0.869154,0.648303,2.284355
8.750000,-1.205996,-0.846651,0.673224,2.215848
8.760000,-1.199141,-0.824844,0.697626,2.145154
8.770000,-1.192045,-0.803755,0.721498,2.072344
8.780000,-1.184713,-0.783404,0.744824,1.997488
8.790000,-1.177150,-0.763812,0.767593,1.920660
8.800000,-1.169363,-0.744997,0.789792,1.841938
8.810000,-1.161356,-0.726979,0.811410,1.761397
8.820000,-1.153137,-0.709775,0.832435,1.679118
8.830000,-1.144710,-0.693402,0.852856,1.595182
8.840000,-1.136082,-0.677877,0.872664,1.509672
8.850000,-1.127259,-0.663214,0.891848,1.422672
8.860000,-1.118247,-0.649428,0.910400,1.334267
8.870000,-1.109053,-0.636533,0.928311,1.244547
8.880000,-1.099683,-0.624541,0.945573,1.153597
8.890000,-1.090143,-0.613465,0.962179,1.061510
8.900000,-1.080441,-0.603314,0.978122,0.968374
8.910000,-1.070583,-0.594100,0.993395,0.874283
8.920000,-1.060576,-0.585832,1.007993,0.779330
8.930000,-1.050426,-0.578516,1.021910,0.683607
8.940000,-1.040140,-0.572162,1.035142,0.587209
8.950000,-1.029725,-0.566774,1.047685,0.490232
8.960000,-1.019188,-0.562359,1.059535,0.392771
8.970000,-1.008537,-0.558920,1.070690,0.294923
8.980000,-0.997777,-0.556461,1.081147,0.196783
8.990000,-0.986916,-0.554985,1.090903,0.098449
9.000000,-0.975961,-0.554492,1.099959,0.000018
9.010000,-0.964919,-0.554984,1.108314,-0.098413
9.020000,-0.953797,-0.556460,1.115966,-0.196746
9.030000,-0.942602,-0.558919,1.122918,-0.294886
9.040000,-0.931341,-0.562357,1.129169,-0.392735
9.050000,-0.920021,-0.566772,1.134721,-0.490196
9.060000,-0.908649,-0.572159,1.139576,-0.587174
9.070000,-0.897232,-0.578514,1.143738,-0.683571
9.080000,-0.885777,-0.585829,1.147208,-0.779295
9.090000,-0.874290,-0.594097,1.149992,-0.874249
9.100000,-0.862779,-0.603311,1.152092,-0.968341
9.110000,-0.851250,-0.613461,1.153515,-1.061477
9.120000,-0.839711,-0.624537,1.154264,-1.153565
9.130000,-0.828167,-0.636528,1.154346,-1.244515
9.140000,-0.816626,-0.649423,1.153767,-1.334237
9.150000,-0.805094,-0.663209,1.152533,-1.422642
9.160000,-0.793578,-0.677871,1.150653,-1.509643
9.170000,-0.782083,-0.693396,1.148133,-1.595154
9.180000,-0.770617,-0.709769,1.144982,-1.679091
9.190000,-0.759186,-0.726973,1.141207,-1.761371
9.200000,-0.747795,-0.744991,1.136819,-1.841913
9.210000,-0.736451,-0.763805,1.131827,-1.920637
9.220000,-0.725161,-0.783397,1.126240,-1.997465
9.230000,-0.713929,-0.803748,1.120069,-2.072323
9.240000,-0.702761,-0.824837,1.113324,-2.145135
9.250000,-0.691664,-0.846643,1.106017,-2.215830
9.260000,-0.680643,-0.869146,1.098158,-2.284338
9.270000,-0.669703,-0.892323,1.089760,-2.350592
9.280000,-0.658849,-0.916150,1.080834,-2.414527
9.290000,-0.648088,-0.940605,1.071393,-2.476078
9.300000,-0.637423,-0.965663,1.061450,-2.535186
9.310000,-0.626860,-0.991300,1.051018,-2.591792
9.320000,-0.616404,-1.017491,1.040111,-2.645840
9.330000,-0.606060,-1.044209,1.028740,-2.697277
9.340000,-0.595831,-1.071427,1.016922,-2.746052
9.350000,-0.585723,-1.099121,1.004670,-2.792117
9.360000,-0.575739,-1.127261,0.991997,-2.835427
9.370000,-0.565884,-1.155820,0.978920,-2.875938
9.380000,-0.556162,-1.184770,0.965452,-2.913612
9.390000,-0.546576,-1.214082,0.951609,-2.948409
9.400000,-0.537131,-1.243728,0.937406,-2.980297
9.410000,-0.527829,-1.273679,0.922857,-3.009244
9.420000,-0.518675,-1.303903,0.907980,-3.035221
9.430000,-0.509671,-1.334373,0.892789,-3.058203
9.440000,-0.500820,-1.365057,0.877300,-3.078167
9.450000,-0.492126,-1.395926,0.861530,-3.095093
9.460000,-0.483590,-1.426949,0.845493,-3.108964
9.470000,-0.475217,-1.458095,0.829206,-3.119767
9.480000,-0.467007,-1.489334,0.812686,-3.127491
9.490000,-0.458964,-1.520635,0.795948,-3.132129
9.500000,-0.451089,-1.551966,0.779008,-3.133676
9.510000,-0.443384,-1.583298,0.761884,-3.132130
9.520000,-0.435852,-1.614599,0.744590,-3.127494
9.530000,-0.428493,-1.645838,0.727143,-3.119770
9.540000,-0.421309,-1.676984,0.709560,-3.108968
9.550000,-0.414302,-1.708007,0.691856,-3.095098
9.560000,-0.407472,-1.738876,0.674048,-3.078173
9.570000,-0.400821,-1.769560,0.656151,-3.058210
9.580000,-0.394350,-1.800030,0.638182,-3.035230
9.590000,-0.388058,-1.830255,0.620156,-3.009254
9.600000,-0.381947,-1.860205,0.602090,-2.980308
9.610000,-0.376016,-1.889851,0.583998,-2.948421
9.620000,-0.370267,-1.919164,0.565896,-2.913624
9.630000,-0.364698,-1.948114,0.547800,-2.875951
9.640000,-0.359311,-1.976673,0.529725,-2.835441
9.650000,-0.354104,-2.004813,0.511685,-2.792132
9.660000,-0.349077,-2.032507,0.493695,-2.746068
9.670000,-0.344229,-2.059726,0.475771,-2.697294
9.680000,-0.339561,-2.086444,0.457926,-2.645857
9.690000,-0.335071,-2.112634,0.440175,-2.591810
9.700000,-0.330757,-2.138271,0.422532,-2.535205
9.710000,-0.326620,-2.163330,0.405009,-2.476098
9.720000,-0.322657,-2.187785,0.387621,-2.414547
9.730000,-0.318867,-2.211613,0.370382,-2.350613
9.740000,-0.315248,-2.234790,0.353302,-2.284360
9.750000,-0.311800,-2.257293,0.336396,-2.215852
9.760000,-0.308520,-2.279099,0.319676,-2.145157
9.770000,-0.305406,-2.300189,0.303153,-2.072345
9.780000,-0.302456,-2.320540,0.286839,-1.997488
9.790000,-0.299668,-2.340132,0.270746,-1.920660
9.800000,-0.297040,-2.358946,0.254884,-1.841936
9.810000,-0.294570,-2.376965,0.239265,-1.761395
9.820000,-0.292254,-2.394169,0.223898,-1.679115
9.830000,-0.290091,-2.410541,0.208794,-1.595178
9.840000,-0.288077,-2.426067,0.193962,-1.509667
9.850000,-0.286211,-2.440730,0.179411,-1.422666
9.860000,-0.284488,-2.454516,0.165150,-1.334261
9.870000,-0.282907,-2.467411,0.151188,-1.244539
9.880000,-0.281463,-2.479402,0.137533,-1.153589
9.890000,-0.280155,-2.490479,0.124193,-1.061501
9.900000,-0.278979,-2.500629,0.111174,-0.968364
9.910000,-0.277931,-2.509843,0.098484,-0.874273
9.920000,-0.277008,-2.518111,0.086129,-0.779318
9.930000,-0.276207,-2.525426,0.074115,-0.683594
9.940000,-0.275524,-2.531781,0.062448,-0.587196
9.950000,-0.274957,-2.537168,0.051134,-0.490218
9.960000,-0.274500,-2.541584,0.040176,-0.392756
9.970000,-0.274152,-2.545022,0.029580,-0.294907
9.980000,-0.273908,-2.547481,0.019350,-0.196766
9.990000,-0.273764,-2.548957,0.009489,-0.098432
